time_point,subject,task,time_cat,trait,n,sum,phase
1,abeeku,gaze,1,1,6,0,1
1,alex,gaze,1,1,5,0,1
1,azibo,gaze,1,1,8,0,1
1,bambari,gaze,1,1,4,0,1
1,bimbo,gaze,1,1,8,0,1
1,corrie,gaze,1,1,4,0,1
1,daza,gaze,1,1,8,0,1
1,diara,gaze,1,1,8,0,1
1,dokana,gaze,1,1,8,0,1
1,dorien,gaze,1,1,8,0,1
1,fraukje,gaze,1,1,6,0,1
1,frederike,gaze,1,1,8,0,1
1,frodo,gaze,1,1,8,0,1
1,hope,gaze,1,1,8,0,1
1,jasongo,gaze,1,1,7,3,1
1,jeudi,gaze,1,1,8,0,1
1,joey,gaze,1,1,8,1,1
1,kasai,gaze,1,1,8,2,1
1,kianga,gaze,1,1,8,0,1
1,kibara,gaze,1,1,8,1,1
1,kio,gaze,1,1,8,0,1
1,kisha,gaze,1,1,8,3,1
1,kumili,gaze,1,1,7,2,1
1,kuno,gaze,1,1,8,0,1
1,lexi,gaze,1,1,8,0,1
1,luiza,gaze,1,1,8,0,1
1,maja,gaze,1,1,8,5,1
1,makeni,gaze,1,1,8,0,1
1,natascha,gaze,1,1,6,0,1
1,ohini,gaze,1,1,8,0,1
1,padana,gaze,1,1,8,1,1
1,pini,gaze,1,1,8,0,1
1,raja,gaze,1,1,6,0,1
1,riet,gaze,1,1,8,7,1
1,robert,gaze,1,1,8,0,1
1,sandra,gaze,1,1,8,4,1
1,shanga,gaze,1,1,8,1,1
1,swela,gaze,1,1,8,0,1
1,tai,gaze,1,1,8,0,1
1,yaro,gaze,1,1,7,0,1
1,yasa,gaze,1,1,8,0,1
1,youma,gaze,1,1,8,0,1
1,zira,gaze,1,1,8,5,1
2,abeeku,gaze,2,1,5,0,1
2,alex,gaze,2,1,8,0,1
2,azibo,gaze,2,1,8,1,1
2,bambari,gaze,2,1,6,1,1
2,bimbo,gaze,2,1,8,0,1
2,corrie,gaze,2,1,6,0,1
2,daza,gaze,2,1,7,1,1
2,diara,gaze,2,1,8,0,1
2,dokana,gaze,2,1,8,0,1
2,dorien,gaze,2,1,8,0,1
2,fraukje,gaze,2,1,6,0,1
2,frederike,gaze,2,1,8,0,1
2,frodo,gaze,2,1,8,0,1
2,hope,gaze,2,1,8,2,1
2,jeudi,gaze,2,1,4,0,1
2,kasai,gaze,2,1,6,1,1
2,kianga,gaze,2,1,8,0,1
2,kibara,gaze,2,1,3,0,1
2,kio,gaze,2,1,7,0,1
2,kisha,gaze,2,1,6,0,1
2,kumili,gaze,2,1,8,0,1
2,kuno,gaze,2,1,8,0,1
2,lexi,gaze,2,1,8,3,1
2,luiza,gaze,2,1,8,0,1
2,maja,gaze,2,1,2,1,1
2,makeni,gaze,2,1,6,0,1
2,natascha,gaze,2,1,6,0,1
2,ohini,gaze,2,1,8,0,1
2,padana,gaze,2,1,8,0,1
2,pini,gaze,2,1,8,0,1
2,raja,gaze,2,1,4,1,1
2,riet,gaze,2,1,8,6,1
2,robert,gaze,2,1,8,0,1
2,sandra,gaze,2,1,6,3,1
2,shanga,gaze,2,1,8,2,1
2,swela,gaze,2,1,8,1,1
2,tai,gaze,2,1,8,4,1
2,yaro,gaze,2,1,8,1,1
2,yasa,gaze,2,1,8,1,1
2,youma,gaze,2,1,8,0,1
2,zira,gaze,2,1,8,3,1
3,abeeku,gaze,3,1,6,0,1
3,alex,gaze,3,1,4,0,1
3,azibo,gaze,3,1,8,1,1
3,bambari,gaze,3,1,6,0,1
3,bimbo,gaze,3,1,8,0,1
3,corrie,gaze,3,1,8,0,1
3,daza,gaze,3,1,8,0,1
3,diara,gaze,3,1,8,1,1
3,dokana,gaze,3,1,8,0,1
3,dorien,gaze,3,1,8,0,1
3,fraukje,gaze,3,1,8,0,1
3,frederike,gaze,3,1,8,0,1
3,frodo,gaze,3,1,8,0,1
3,hope,gaze,3,1,8,1,1
3,jeudi,gaze,3,1,8,0,1
3,kasai,gaze,3,1,4,0,1
3,kianga,gaze,3,1,8,1,1
3,kibara,gaze,3,1,7,1,1
3,kio,gaze,3,1,8,0,1
3,kisha,gaze,3,1,8,0,1
3,kumili,gaze,3,1,7,0,1
3,kuno,gaze,3,1,8,1,1
3,lexi,gaze,3,1,8,0,1
3,maja,gaze,3,1,8,7,1
3,makeni,gaze,3,1,8,0,1
3,natascha,gaze,3,1,6,0,1
3,ohini,gaze,3,1,8,0,1
3,padana,gaze,3,1,8,0,1
3,pini,gaze,3,1,8,0,1
3,raja,gaze,3,1,4,0,1
3,riet,gaze,3,1,8,7,1
3,robert,gaze,3,1,8,1,1
3,sandra,gaze,3,1,6,0,1
3,shanga,gaze,3,1,8,0,1
3,swela,gaze,3,1,8,1,1
3,tai,gaze,3,1,8,1,1
3,yaro,gaze,3,1,8,0,1
3,yasa,gaze,3,1,8,1,1
3,youma,gaze,3,1,8,1,1
3,zira,gaze,3,1,8,4,1
4,abeeku,gaze,4,1,8,0,1
4,alex,gaze,4,1,8,0,1
4,azibo,gaze,4,1,8,0,1
4,bambari,gaze,4,1,4,1,1
4,corrie,gaze,4,1,8,0,1
4,daza,gaze,4,1,7,0,1
4,diara,gaze,4,1,8,0,1
4,dokana,gaze,4,1,8,1,1
4,dorien,gaze,4,1,8,0,1
4,fraukje,gaze,4,1,6,0,1
4,frederike,gaze,4,1,3,0,1
4,frodo,gaze,4,1,8,0,1
4,hope,gaze,4,1,8,0,1
4,jasongo,gaze,4,1,8,2,1
4,joey,gaze,4,1,2,0,1
4,kasai,gaze,4,1,6,1,1
4,kianga,gaze,4,1,4,1,1
4,kibara,gaze,4,1,4,0,1
4,kio,gaze,4,1,8,0,1
4,kisha,gaze,4,1,8,1,1
4,kumili,gaze,4,1,7,0,1
4,kuno,gaze,4,1,8,0,1
4,lexi,gaze,4,1,8,0,1
4,luiza,gaze,4,1,8,1,1
4,maja,gaze,4,1,6,5,1
4,makeni,gaze,4,1,6,0,1
4,natascha,gaze,4,1,8,0,1
4,ohini,gaze,4,1,8,0,1
4,padana,gaze,4,1,8,1,1
4,pini,gaze,4,1,8,0,1
4,raja,gaze,4,1,4,0,1
4,riet,gaze,4,1,8,8,1
4,robert,gaze,4,1,8,0,1
4,sandra,gaze,4,1,6,3,1
4,shanga,gaze,4,1,8,1,1
4,swela,gaze,4,1,8,3,1
4,tai,gaze,4,1,6,1,1
4,yaro,gaze,4,1,8,2,1
4,yasa,gaze,4,1,6,1,1
4,youma,gaze,4,1,8,0,1
4,zira,gaze,4,1,8,2,1
5,abeeku,gaze,5,1,4,0,1
5,alex,gaze,5,1,8,0,1
5,azibo,gaze,5,1,8,0,1
5,bambari,gaze,5,1,6,2,1
5,bimbo,gaze,5,1,8,0,1
5,corrie,gaze,5,1,8,2,1
5,daza,gaze,5,1,8,0,1
5,diara,gaze,5,1,8,0,1
5,dokana,gaze,5,1,8,0,1
5,dorien,gaze,5,1,8,0,1
5,fraukje,gaze,5,1,8,1,1
5,frederike,gaze,5,1,8,0,1
5,frodo,gaze,5,1,8,0,1
5,hope,gaze,5,1,8,0,1
5,jasongo,gaze,5,1,6,1,1
5,jeudi,gaze,5,1,8,0,1
5,joey,gaze,5,1,8,0,1
5,kasai,gaze,5,1,6,0,1
5,kianga,gaze,5,1,6,0,1
5,kibara,gaze,5,1,7,1,1
5,kio,gaze,5,1,8,0,1
5,kisha,gaze,5,1,8,1,1
5,kumili,gaze,5,1,7,0,1
5,kuno,gaze,5,1,8,1,1
5,lexi,gaze,5,1,8,0,1
5,luiza,gaze,5,1,8,0,1
5,maja,gaze,5,1,6,5,1
5,makeni,gaze,5,1,6,1,1
5,natascha,gaze,5,1,6,0,1
5,ohini,gaze,5,1,8,0,1
5,padana,gaze,5,1,8,1,1
5,pini,gaze,5,1,8,0,1
5,raja,gaze,5,1,6,0,1
5,riet,gaze,5,1,8,8,1
5,robert,gaze,5,1,8,0,1
5,sandra,gaze,5,1,8,4,1
5,shanga,gaze,5,1,8,0,1
5,swela,gaze,5,1,8,2,1
5,tai,gaze,5,1,8,0,1
5,yaro,gaze,5,1,7,0,1
5,yasa,gaze,5,1,8,0,1
5,youma,gaze,5,1,8,0,1
5,zira,gaze,5,1,8,0,1
6,abeeku,gaze,6,1,8,0,1
6,alex,gaze,6,1,7,0,1
6,azibo,gaze,6,1,8,0,1
6,bambari,gaze,6,1,8,2,1
6,corrie,gaze,6,1,8,0,1
6,daza,gaze,6,1,6,0,1
6,diara,gaze,6,1,6,0,1
6,dorien,gaze,6,1,8,0,1
6,fraukje,gaze,6,1,8,0,1
6,frederike,gaze,6,1,8,0,1
6,frodo,gaze,6,1,8,0,1
6,hope,gaze,6,1,8,3,1
6,jeudi,gaze,6,1,4,0,1
6,kianga,gaze,6,1,6,0,1
6,kibara,gaze,6,1,6,0,1
6,kio,gaze,6,1,5,0,1
6,kisha,gaze,6,1,8,1,1
6,kumili,gaze,6,1,8,1,1
6,maja,gaze,6,1,8,4,1
6,makeni,gaze,6,1,8,0,1
6,natascha,gaze,6,1,8,0,1
6,ohini,gaze,6,1,8,0,1
6,riet,gaze,6,1,8,7,1
6,robert,gaze,6,1,8,2,1
6,sandra,gaze,6,1,8,3,1
6,shanga,gaze,6,1,8,1,1
6,swela,gaze,6,1,8,0,1
6,tai,gaze,6,1,8,0,1
6,youma,gaze,6,1,8,0,1
6,zira,gaze,6,1,8,1,1
7,abeeku,gaze,7,1,7,0,1
7,alex,gaze,7,1,8,0,1
7,azibo,gaze,7,1,8,0,1
7,bambari,gaze,7,1,8,2,1
7,bimbo,gaze,7,1,8,0,1
7,corrie,gaze,7,1,6,0,1
7,daza,gaze,7,1,8,1,1
7,diara,gaze,7,1,8,0,1
7,dokana,gaze,7,1,8,0,1
7,dorien,gaze,7,1,8,2,1
7,fraukje,gaze,7,1,6,0,1
7,frederike,gaze,7,1,8,0,1
7,frodo,gaze,7,1,8,0,1
7,hope,gaze,7,1,8,1,1
7,jeudi,gaze,7,1,4,0,1
7,kianga,gaze,7,1,6,0,1
7,kibara,gaze,7,1,8,0,1
7,kio,gaze,7,1,7,0,1
7,kisha,gaze,7,1,8,1,1
7,kumili,gaze,7,1,8,0,1
7,maja,gaze,7,1,8,4,1
7,makeni,gaze,7,1,8,0,1
7,natascha,gaze,7,1,6,0,1
7,ohini,gaze,7,1,8,0,1
7,padana,gaze,7,1,8,0,1
7,pini,gaze,7,1,8,0,1
7,raja,gaze,7,1,8,0,1
7,riet,gaze,7,1,8,6,1
7,robert,gaze,7,1,8,0,1
7,sandra,gaze,7,1,8,1,1
7,shanga,gaze,7,1,8,0,1
7,swela,gaze,7,1,8,0,1
7,tai,gaze,7,1,8,0,1
7,youma,gaze,7,1,8,0,1
7,zira,gaze,7,1,8,4,1
8,abeeku,gaze,8,1,8,0,1
8,alex,gaze,8,1,8,0,1
8,azibo,gaze,8,1,8,1,1
8,bambari,gaze,8,1,8,0,1
8,bimbo,gaze,8,1,8,0,1
8,corrie,gaze,8,1,6,1,1
8,daza,gaze,8,1,8,0,1
8,diara,gaze,8,1,8,0,1
8,dokana,gaze,8,1,8,0,1
8,dorien,gaze,8,1,8,1,1
8,fraukje,gaze,8,1,6,0,1
8,frederike,gaze,8,1,8,0,1
8,frodo,gaze,8,1,8,0,1
8,hope,gaze,8,1,8,1,1
8,jasongo,gaze,8,1,8,3,1
8,jeudi,gaze,8,1,6,1,1
8,kasai,gaze,8,1,8,0,1
8,kianga,gaze,8,1,4,0,1
8,kibara,gaze,8,1,8,0,1
8,kio,gaze,8,1,7,0,1
8,kisha,gaze,8,1,8,0,1
8,kumili,gaze,8,1,8,0,1
8,kuno,gaze,8,1,8,0,1
8,lexi,gaze,8,1,8,1,1
8,luiza,gaze,8,1,8,0,1
8,maja,gaze,8,1,8,2,1
8,makeni,gaze,8,1,8,1,1
8,natascha,gaze,8,1,6,0,1
8,ohini,gaze,8,1,8,0,1
8,padana,gaze,8,1,8,0,1
8,pini,gaze,8,1,8,3,1
8,raja,gaze,8,1,8,0,1
8,riet,gaze,8,1,8,7,1
8,robert,gaze,8,1,6,0,1
8,sandra,gaze,8,1,8,1,1
8,shanga,gaze,8,1,8,0,1
8,swela,gaze,8,1,8,0,1
8,tai,gaze,8,1,8,0,1
8,yaro,gaze,8,1,6,0,1
8,yasa,gaze,8,1,8,0,1
8,youma,gaze,8,1,8,0,1
8,zira,gaze,8,1,8,2,1
9,abeeku,gaze,9,1,8,0,1
9,alex,gaze,9,1,5,2,1
9,azibo,gaze,9,1,8,1,1
9,bambari,gaze,9,1,6,2,1
9,bimbo,gaze,9,1,8,0,1
9,corrie,gaze,9,1,8,0,1
9,daza,gaze,9,1,8,0,1
9,diara,gaze,9,1,8,0,1
9,dokana,gaze,9,1,8,0,1
9,dorien,gaze,9,1,8,0,1
9,fraukje,gaze,9,1,6,0,1
9,frederike,gaze,9,1,8,0,1
9,frodo,gaze,9,1,8,0,1
9,hope,gaze,9,1,8,1,1
9,jasongo,gaze,9,1,4,3,1
9,jeudi,gaze,9,1,4,0,1
9,joey,gaze,9,1,4,0,1
9,kasai,gaze,9,1,7,0,1
9,kianga,gaze,9,1,8,0,1
9,kibara,gaze,9,1,8,2,1
9,kio,gaze,9,1,7,0,1
9,kisha,gaze,9,1,6,0,1
9,kumili,gaze,9,1,8,0,1
9,kuno,gaze,9,1,7,0,1
9,lexi,gaze,9,1,8,0,1
9,luiza,gaze,9,1,8,0,1
9,maja,gaze,9,1,4,3,1
9,makeni,gaze,9,1,8,0,1
9,natascha,gaze,9,1,6,0,1
9,ohini,gaze,9,1,8,2,1
9,padana,gaze,9,1,8,0,1
9,pini,gaze,9,1,8,0,1
9,raja,gaze,9,1,8,0,1
9,riet,gaze,9,1,8,8,1
9,robert,gaze,9,1,8,0,1
9,sandra,gaze,9,1,8,4,1
9,shanga,gaze,9,1,8,0,1
9,swela,gaze,9,1,8,0,1
9,tai,gaze,9,1,8,0,1
9,yaro,gaze,9,1,6,0,1
9,yasa,gaze,9,1,8,1,1
9,youma,gaze,9,1,8,0,1
9,zira,gaze,9,1,8,3,1
10,abeeku,gaze,10,1,7,1,1
10,alex,gaze,10,1,8,3,1
10,azibo,gaze,10,1,8,0,1
10,bambari,gaze,10,1,8,0,1
10,bimbo,gaze,10,1,8,0,1
10,corrie,gaze,10,1,8,0,1
10,daza,gaze,10,1,7,0,1
10,diara,gaze,10,1,8,0,1
10,dokana,gaze,10,1,8,0,1
10,dorien,gaze,10,1,8,0,1
10,fraukje,gaze,10,1,6,1,1
10,frederike,gaze,10,1,8,0,1
10,frodo,gaze,10,1,8,0,1
10,hope,gaze,10,1,8,2,1
10,jasongo,gaze,10,1,4,3,1
10,jeudi,gaze,10,1,8,0,1
10,joey,gaze,10,1,4,0,1
10,kasai,gaze,10,1,8,0,1
10,kianga,gaze,10,1,8,0,1
10,kibara,gaze,10,1,8,0,1
10,kio,gaze,10,1,7,0,1
10,kisha,gaze,10,1,8,0,1
10,kumili,gaze,10,1,6,0,1
10,kuno,gaze,10,1,5,0,1
10,lexi,gaze,10,1,4,0,1
10,luiza,gaze,10,1,8,0,1
10,maja,gaze,10,1,8,2,1
10,makeni,gaze,10,1,8,0,1
10,natascha,gaze,10,1,6,1,1
10,ohini,gaze,10,1,8,0,1
10,padana,gaze,10,1,8,0,1
10,pini,gaze,10,1,8,0,1
10,raja,gaze,10,1,8,0,1
10,riet,gaze,10,1,8,8,1
10,robert,gaze,10,1,6,0,1
10,sandra,gaze,10,1,8,1,1
10,shanga,gaze,10,1,8,0,1
10,swela,gaze,10,1,8,1,1
10,tai,gaze,10,1,8,0,1
10,yaro,gaze,10,1,4,0,1
10,yasa,gaze,10,1,8,0,1
10,youma,gaze,10,1,8,0,1
10,zira,gaze,10,1,8,6,1
